{"stats":{"minecraft:crafted":{"minecraft:oak_planks":28,"minecraft:crafting_table":2,"minecraft:stick":8,"minecraft:iron_pickaxe":1,"minecraft:iron_ingot":6,"minecraft:wooden_pickaxe":1,"minecraft:stone_pickaxe":1,"minecraft:furnace":1,"minecraft:bucket":1,"minecraft:air":0},"minecraft:killed_by":{"zombiemobs:zombie_fox":1,"zombiemobs:zombie_cat":1},"minecraft:dropped":{"minecraft:gravel":1,"minecraft:glass_bottle":2,"tombstone:grave_dust":1},"minecraft:used":{"minecraft:stone_pickaxe":46,"minecraft:glass_bottle":1,"minecraft:iron_pickaxe":11,"minecraft:oak_planks":3,"minecraft:wooden_pickaxe":2,"biomesoplenty:lavender":1,"minecraft:torch":1,"minecraft:cobblestone":13,"minecraft:potion":3,"minecraft:crafting_table":2,"minecraft:furnace":1,"tombstone:gift":1,"alexsmobs:animal_dictionary":1,"minecraft:cooked_beef":3},"minecraft:custom":{"minecraft:time_since_rest":17036,"minecraft:interact_with_furnace":5,"minecraft:sprint_one_cm":113793,"minecraft:damage_taken":545,"minecraft:walk_one_cm":84248,"minecraft:drop":4,"minecraft:damage_dealt":86,"minecraft:interact_with_crafting_table":6,"minecraft:fly_one_cm":90259,"minecraft:crouch_one_cm":2667,"minecraft:play_time":39520,"minecraft:deaths":2,"minecraft:sneak_time":1333,"minecraft:jump":540,"minecraft:time_since_death":18560,"minecraft:walk_on_water_one_cm":882,"minecraft:total_world_time":39520,"minecraft:fall_one_cm":8141},"minecraft:picked_up":{"biomesoplenty:lavender":1,"minecraft:birch_log":5,"minecraft:raw_iron":12,"minecraft:cooked_beef":64,"minecraft:torch":2,"minecraft:gravel":3,"minecraft:potion":64,"firstaid:morphine":16,"minecraft:oak_log":7,"minecraft:diorite":13,"minecraft:lapis_lazuli":4,"minecraft:raw_copper":28,"travelersbackpack:standard":1,"minecraft:wheat_seeds":1,"firstaid:bandage":64,"minecraft:glass_bottle":3,"minecraft:rail":1,"minecraft:cobblestone":24},"minecraft:mined":{"minecraft:birch_log":5,"minecraft:iron_ore":12,"biomesoplenty:lavender":1,"minecraft:torch":2,"minecraft:grass":11,"minecraft:oak_log":7,"minecraft:rail":1,"minecraft:gravel":3,"minecraft:copper_ore":8,"minecraft:cobblestone":3,"minecraft:lapis_ore":1,"minecraft:stone":20,"minecraft:diorite":13}},"DataVersion":3120}