{"stats":{"minecraft:crafted":{"minecraft:oak_planks":28,"minecraft:crafting_table":2,"minecraft:wooden_pickaxe":1,"minecraft:iron_sword":1,"minecraft:furnace":1,"tacz:gun_smith_table":1,"minecraft:copper_ingot":10,"minecraft:bucket":1,"minecraft:birch_planks":20,"minecraft:air":0,"biomesoplenty:fir_planks":80,"minecraft:shield":1,"minecraft:iron_axe":1,"minecraft:stick":16,"minecraft:iron_ingot":56,"minecraft:iron_pickaxe":1,"minecraft:stone_pickaxe":1,"minecraft:iron_block":1,"minecraft:chest":2,"minecraft:iron_shovel":1,"minecraft:torch":16},"minecraft:killed_by":{"zombiemobs:zombie_cat":1,"minecraft:zombie":1,"zombiemobs:zombie_fox":1,"zombiemobs:zombie_dolphin":1,"zombiemobs:zombie_wolf":1},"minecraft:dropped":{"minecraft:gravel":1,"minecraft:wheat_seeds":4,"minecraft:lapis_lazuli":5,"minecraft:glass_bottle":2,"tombstone:grave_dust":1},"minecraft:used":{"minecraft:iron_shovel":58,"minecraft:glass_bottle":1,"minecraft:stone_pickaxe":46,"minecraft:chest":2,"minecraft:oak_planks":3,"tacz:gun_smith_table":2,"minecraft:shield":1,"minecraft:wooden_pickaxe":2,"minecraft:iron_sword":74,"biomesoplenty:fir_planks":65,"biomesoplenty:lavender":1,"minecraft:torch":23,"minecraft:dirt":4,"minecraft:mutton":2,"minecraft:crafting_table":2,"minecraft:iron_axe":29,"minecraft:iron_pickaxe":78,"minecraft:gravel":2,"minecraft:cobblestone":67,"minecraft:potion":6,"travelersbackpack:standard":1,"minecraft:furnace":1,"tombstone:gift":3,"alexsmobs:animal_dictionary":1,"minecraft:cooked_beef":6},"minecraft:custom":{"minecraft:interact_with_furnace":57,"minecraft:mob_kills":19,"minecraft:interact_with_crafting_table":14,"minecraft:time_since_death":358,"minecraft:time_since_rest":1,"minecraft:sprint_one_cm":217292,"minecraft:damage_taken":1160,"minecraft:walk_one_cm":169260,"minecraft:damage_blocked_by_shield":75,"minecraft:drop":11,"minecraft:damage_dealt":2867,"minecraft:fly_one_cm":178510,"minecraft:open_chest":2,"minecraft:crouch_one_cm":4964,"minecraft:play_time":87520,"tombstone:undead_killed":11,"minecraft:deaths":5,"minecraft:sneak_time":4313,"minecraft:walk_under_water_one_cm":850,"minecraft:jump":1093,"minecraft:walk_on_water_one_cm":4583,"minecraft:total_world_time":87520,"minecraft:fall_one_cm":21352},"minecraft:picked_up":{"biomesoplenty:lavender":1,"minecraft:birch_log":5,"minecraft:cooked_beef":64,"minecraft:leather":2,"biomesoplenty:fir_sapling":1,"biomesoplenty:fir_log":23,"alexsmobs:bear_fur":1,"minecraft:potion":64,"firstaid:morphine":16,"minecraft:oak_log":7,"minecraft:lapis_lazuli":5,"minecraft:string":3,"minecraft:dirt":61,"minecraft:raw_copper":57,"minecraft:wheat_seeds":9,"biomesoplenty:fir_planks":1,"minecraft:glass_bottle":6,"tacz:gun_smith_table":1,"minecraft:raw_iron":50,"minecraft:torch":3,"minecraft:gravel":3,"minecraft:porkchop":7,"minecraft:diorite":15,"travelersbackpack:standard":1,"minecraft:rotten_flesh":5,"tacz:modern_kinetic_gun":1,"firstaid:bandage":64,"minecraft:white_wool":1,"minecraft:mutton":2,"minecraft:coal":4,"minecraft:rail":1,"minecraft:cobblestone":78},"minecraft:mined":{"minecraft:torch":2,"biomesoplenty:fir_planks":1,"minecraft:grass_block":53,"minecraft:cobblestone":10,"minecraft:copper_ore":17,"minecraft:lapis_ore":1,"tacz:gun_smith_table":1,"minecraft:diorite":15,"minecraft:birch_log":5,"minecraft:iron_ore":51,"biomesoplenty:lavender":1,"biomesoplenty:fir_log":24,"minecraft:grass":20,"minecraft:oak_log":7,"minecraft:coal_ore":4,"biomesoplenty:fir_leaves":3,"minecraft:rail":1,"minecraft:gravel":3,"minecraft:dirt":9,"minecraft:cobweb":1,"minecraft:stone":25,"minecraft:fern":14},"minecraft:killed":{"minecraft:pig":3,"alexsmobs:grizzly_bear":1,"hordes:zombie_player":2,"minecraft:spider":1,"minecraft:sheep":1,"minecraft:zombie":9,"minecraft:cow":1}},"DataVersion":3120}