{"stats":{"minecraft:crafted":{"minecraft:crafting_table":1,"minecraft:oak_planks":8},"minecraft:used":{"alexsmobs:animal_dictionary":1},"minecraft:custom":{"minecraft:jump":36,"minecraft:time_since_rest":3520,"minecraft:damage_dealt":0,"minecraft:crouch_one_cm":8,"minecraft:sprint_one_cm":4450,"minecraft:play_time":3520,"minecraft:time_since_death":3520,"minecraft:walk_one_cm":3686,"minecraft:sneak_time":6,"minecraft:total_world_time":3520,"minecraft:fall_one_cm":418,"minecraft:fly_one_cm":10768},"minecraft:picked_up":{"minecraft:oak_log":2},"minecraft:mined":{"minecraft:oak_log":2}},"DataVersion":3120}