{"stats":{"minecraft:crafted":{"minecraft:oak_planks":28,"minecraft:crafting_table":1,"minecraft:stick":4,"minecraft:wooden_pickaxe":1,"minecraft:stone_pickaxe":1},"minecraft:killed_by":{"zombiemobs:zombie_fox":1,"zombiemobs:zombie_cat":1},"minecraft:dropped":{"minecraft:gravel":1,"tombstone:grave_dust":1},"minecraft:used":{"minecraft:stone_pickaxe":25,"minecraft:glass_bottle":1,"minecraft:oak_planks":3,"minecraft:wooden_pickaxe":2,"biomesoplenty:lavender":1,"minecraft:potion":3,"minecraft:crafting_table":1,"tombstone:gift":1,"alexsmobs:animal_dictionary":1,"minecraft:cooked_beef":3},"minecraft:custom":{"minecraft:time_since_rest":5036,"minecraft:sprint_one_cm":87842,"minecraft:damage_taken":535,"minecraft:walk_one_cm":58608,"minecraft:drop":2,"minecraft:damage_dealt":86,"minecraft:interact_with_crafting_table":2,"minecraft:fly_one_cm":83633,"minecraft:crouch_one_cm":1748,"minecraft:play_time":27520,"minecraft:deaths":2,"minecraft:sneak_time":1026,"minecraft:jump":456,"minecraft:time_since_death":6560,"minecraft:walk_on_water_one_cm":882,"minecraft:total_world_time":27520,"minecraft:fall_one_cm":7719},"minecraft:picked_up":{"biomesoplenty:lavender":1,"minecraft:birch_log":5,"minecraft:raw_iron":3,"minecraft:cooked_beef":64,"minecraft:gravel":1,"minecraft:potion":64,"firstaid:morphine":16,"minecraft:oak_log":7,"minecraft:raw_copper":28,"travelersbackpack:standard":1,"minecraft:wheat_seeds":1,"firstaid:bandage":64,"minecraft:glass_bottle":3,"minecraft:cobblestone":17},"minecraft:mined":{"minecraft:birch_log":5,"minecraft:iron_ore":3,"biomesoplenty:lavender":1,"minecraft:grass":11,"minecraft:oak_log":7,"minecraft:gravel":1,"minecraft:copper_ore":8,"minecraft:stone":15}},"DataVersion":3120}