{"stats":{"minecraft:crafted":{"minecraft:oak_door":3,"minecraft:oak_planks":44,"minecraft:crafting_table":2,"minecraft:wooden_pickaxe":1,"minecraft:iron_sword":1,"minecraft:furnace":1,"tacz:gun_smith_table":1,"minecraft:copper_ingot":26,"minecraft:bucket":1,"minecraft:birch_planks":20,"minecraft:air":0,"minecraft:oak_trapdoor":2,"biomesoplenty:fir_planks":120,"minecraft:iron_boots":1,"minecraft:iron_chestplate":1,"minecraft:shield":1,"minecraft:iron_axe":1,"minecraft:stick":16,"minecraft:iron_ingot":56,"minecraft:iron_pickaxe":1,"minecraft:stone_pickaxe":1,"minecraft:oak_stairs":4,"minecraft:iron_block":1,"minecraft:chest":2,"minecraft:iron_shovel":1,"minecraft:torch":16},"minecraft:killed_by":{"zombiemobs:zombie_cat":1,"minecraft:zombie":1,"zombiemobs:zombie_fox":1,"zombiemobs:zombie_dolphin":1,"zombiemobs:zombie_wolf":1},"minecraft:dropped":{"minecraft:oak_door":2,"minecraft:gravel":1,"minecraft:wheat_seeds":4,"minecraft:lapis_lazuli":5,"minecraft:glass_bottle":2,"tombstone:grave_dust":1},"minecraft:used":{"minecraft:diorite":15,"minecraft:iron_shovel":60,"minecraft:glass_bottle":1,"minecraft:stone_pickaxe":46,"minecraft:chest":2,"minecraft:oak_planks":3,"tacz:gun_smith_table":2,"minecraft:shield":16,"minecraft:wooden_pickaxe":2,"minecraft:iron_sword":174,"biomesoplenty:fir_planks":105,"biomesoplenty:lavender":1,"minecraft:oak_door":3,"minecraft:iron_chestplate":1,"minecraft:torch":23,"minecraft:dirt":63,"minecraft:mutton":2,"minecraft:crafting_table":2,"minecraft:oak_stairs":4,"minecraft:iron_axe":50,"minecraft:iron_pickaxe":80,"tombstone:magic_scroll":3,"minecraft:iron_boots":1,"minecraft:gravel":2,"minecraft:cobblestone":67,"minecraft:potion":15,"travelersbackpack:standard":1,"minecraft:furnace":1,"tombstone:gift":3,"alexsmobs:animal_dictionary":1,"minecraft:cooked_beef":12},"minecraft:custom":{"minecraft:interact_with_furnace":59,"minecraft:mob_kills":39,"minecraft:interact_with_crafting_table":19,"minecraft:time_since_death":12358,"minecraft:time_since_rest":11670,"minecraft:sprint_one_cm":226803,"minecraft:damage_taken":1378,"minecraft:walk_one_cm":203241,"minecraft:damage_blocked_by_shield":480,"minecraft:drop":12,"minecraft:damage_dealt":6596,"minecraft:fly_one_cm":186882,"minecraft:open_chest":4,"minecraft:crouch_one_cm":6607,"minecraft:play_time":99520,"tombstone:undead_killed":32,"minecraft:deaths":5,"minecraft:sneak_time":6544,"minecraft:walk_under_water_one_cm":850,"minecraft:jump":1184,"minecraft:walk_on_water_one_cm":4583,"minecraft:total_world_time":99520,"minecraft:fall_one_cm":23750},"minecraft:picked_up":{"biomesoplenty:lavender":1,"minecraft:birch_log":5,"minecraft:cooked_beef":122,"minecraft:leather":2,"minecraft:flint":1,"minecraft:wooden_pickaxe":1,"minecraft:enchanted_book":1,"biomesoplenty:fir_sapling":2,"biomesoplenty:fir_log":33,"alexsmobs:bear_fur":1,"minecraft:potion":123,"firstaid:morphine":16,"minecraft:oak_log":11,"minecraft:gunpowder":34,"minecraft:shield":1,"minecraft:lapis_lazuli":5,"minecraft:string":6,"minecraft:dirt":124,"minecraft:raw_copper":57,"minecraft:iron_axe":1,"tacz:ammo":120,"minecraft:iron_shovel":1,"minecraft:wheat_seeds":16,"biomesoplenty:fir_planks":1,"minecraft:stone_pickaxe":1,"minecraft:iron_ingot":14,"minecraft:iron_pickaxe":1,"minecraft:glass_bottle":15,"tacz:gun_smith_table":1,"minecraft:oak_planks":30,"minecraft:iron_sword":1,"minecraft:stick":1,"minecraft:raw_iron":83,"minecraft:oak_door":2,"minecraft:copper_ingot":10,"minecraft:torch":3,"minecraft:gravel":4,"minecraft:porkchop":14,"tombstone:grave_dust":2,"minecraft:diorite":30,"alexsmobs:animal_dictionary":1,"travelersbackpack:standard":1,"minecraft:diamond":1,"minecraft:rotten_flesh":7,"tacz:modern_kinetic_gun":2,"minecraft:golden_apple":1,"firstaid:bandage":112,"tombstone:magic_scroll":3,"minecraft:white_wool":2,"minecraft:mutton":2,"minecraft:coal":4,"minecraft:rail":1,"minecraft:cobblestone":78},"minecraft:mined":{"minecraft:torch":2,"biomesoplenty:fir_planks":1,"minecraft:grass_block":54,"minecraft:cobblestone":12,"minecraft:copper_ore":17,"minecraft:lapis_ore":1,"minecraft:oak_planks":1,"tacz:gun_smith_table":1,"minecraft:diorite":15,"minecraft:birch_log":5,"minecraft:iron_ore":51,"biomesoplenty:lavender":1,"biomesoplenty:fir_log":36,"minecraft:grass":24,"minecraft:oak_log":11,"minecraft:coal_ore":4,"biomesoplenty:fir_leaves":5,"minecraft:rail":1,"minecraft:gravel":5,"minecraft:dirt":14,"minecraft:cobweb":1,"minecraft:stone":25,"minecraft:oak_leaves":1,"minecraft:fern":20},"minecraft:killed":{"zombiemobs:zombie_pig":1,"minecraft:pig":3,"alexsmobs:grizzly_bear":1,"hordes:zombie_player":4,"minecraft:spider":1,"minecraft:sheep":1,"minecraft:zombie":27,"minecraft:cow":1}},"DataVersion":3120}