{"stats":{"minecraft:crafted":{"minecraft:oak_planks":28,"minecraft:crafting_table":1,"minecraft:stick":4},"minecraft:killed_by":{"zombiemobs:zombie_fox":1},"minecraft:used":{"minecraft:potion":1,"minecraft:crafting_table":1,"minecraft:glass_bottle":1,"alexsmobs:animal_dictionary":1,"minecraft:cooked_beef":1,"biomesoplenty:lavender":1},"minecraft:custom":{"minecraft:time_since_rest":3570,"minecraft:deaths":1,"minecraft:damage_taken":255,"minecraft:crouch_one_cm":1317,"minecraft:play_time":15520,"minecraft:sprint_one_cm":36934,"minecraft:walk_one_cm":21932,"minecraft:sneak_time":494,"minecraft:jump":260,"minecraft:walk_on_water_one_cm":882,"minecraft:damage_dealt":0,"minecraft:time_since_death":4581,"minecraft:total_world_time":15520,"minecraft:interact_with_crafting_table":1,"minecraft:fall_one_cm":5505,"minecraft:fly_one_cm":65035},"minecraft:picked_up":{"minecraft:birch_log":5,"biomesoplenty:lavender":1,"travelersbackpack:standard":1,"minecraft:cooked_beef":64,"minecraft:wheat_seeds":1,"minecraft:potion":64,"firstaid:morphine":16,"minecraft:oak_log":7,"firstaid:bandage":64,"minecraft:glass_bottle":1,"minecraft:cobblestone":1},"minecraft:mined":{"minecraft:grass":11,"minecraft:oak_log":7,"minecraft:birch_log":5,"biomesoplenty:lavender":1}},"DataVersion":3120}