{"stats":{"minecraft:crafted":{"minecraft:oak_planks":28,"minecraft:crafting_table":2,"minecraft:wooden_pickaxe":1,"minecraft:iron_sword":1,"minecraft:furnace":1,"minecraft:bucket":1,"minecraft:birch_planks":20,"minecraft:air":0,"minecraft:shield":1,"minecraft:stick":12,"minecraft:iron_ingot":9,"minecraft:iron_pickaxe":1,"minecraft:stone_pickaxe":1,"minecraft:torch":16},"minecraft:killed_by":{"zombiemobs:zombie_cat":1,"zombiemobs:zombie_fox":1},"minecraft:dropped":{"minecraft:gravel":1,"minecraft:glass_bottle":2,"tombstone:grave_dust":1},"minecraft:used":{"minecraft:glass_bottle":1,"minecraft:stone_pickaxe":46,"minecraft:oak_planks":3,"minecraft:wooden_pickaxe":2,"minecraft:iron_sword":16,"biomesoplenty:lavender":1,"minecraft:torch":23,"minecraft:dirt":2,"minecraft:crafting_table":2,"minecraft:iron_pickaxe":73,"minecraft:cobblestone":39,"minecraft:potion":4,"minecraft:furnace":1,"tombstone:gift":1,"alexsmobs:animal_dictionary":1,"minecraft:cooked_beef":5},"minecraft:custom":{"minecraft:interact_with_furnace":6,"minecraft:mob_kills":6,"minecraft:interact_with_crafting_table":7,"minecraft:time_since_death":42560,"minecraft:time_since_rest":41036,"minecraft:sprint_one_cm":167608,"minecraft:damage_taken":585,"minecraft:walk_one_cm":119904,"minecraft:drop":4,"minecraft:damage_dealt":873,"minecraft:fly_one_cm":102272,"minecraft:crouch_one_cm":2900,"minecraft:play_time":63520,"tombstone:undead_killed":5,"minecraft:deaths":2,"minecraft:sneak_time":2045,"minecraft:walk_under_water_one_cm":328,"minecraft:jump":698,"minecraft:walk_on_water_one_cm":3480,"minecraft:total_world_time":63520,"minecraft:fall_one_cm":9925},"minecraft:picked_up":{"biomesoplenty:lavender":1,"minecraft:birch_log":5,"minecraft:cooked_beef":64,"minecraft:potion":64,"firstaid:morphine":16,"minecraft:oak_log":7,"minecraft:lapis_lazuli":4,"minecraft:string":3,"minecraft:dirt":4,"minecraft:raw_copper":57,"minecraft:wheat_seeds":1,"minecraft:glass_bottle":4,"minecraft:raw_iron":50,"minecraft:torch":3,"minecraft:gravel":3,"minecraft:diorite":15,"travelersbackpack:standard":1,"minecraft:rotten_flesh":5,"firstaid:bandage":64,"minecraft:coal":4,"minecraft:rail":1,"minecraft:cobblestone":74},"minecraft:killed":{"minecraft:spider":1,"minecraft:zombie":5},"minecraft:mined":{"minecraft:torch":2,"minecraft:cobblestone":6,"minecraft:copper_ore":17,"minecraft:lapis_ore":1,"minecraft:diorite":15,"minecraft:birch_log":5,"minecraft:iron_ore":51,"biomesoplenty:lavender":1,"minecraft:grass":11,"minecraft:oak_log":7,"minecraft:coal_ore":4,"minecraft:rail":1,"minecraft:gravel":3,"minecraft:dirt":4,"minecraft:cobweb":1,"minecraft:stone":25,"minecraft:fern":1}},"DataVersion":3120}