{"stats":{"minecraft:crafted":{"minecraft:oak_planks":28,"minecraft:crafting_table":2,"minecraft:wooden_pickaxe":1,"minecraft:iron_sword":1,"minecraft:furnace":1,"minecraft:bucket":1,"minecraft:birch_planks":20,"minecraft:air":0,"minecraft:shield":1,"minecraft:stick":12,"minecraft:iron_ingot":9,"minecraft:iron_pickaxe":1,"minecraft:stone_pickaxe":1,"minecraft:torch":16},"minecraft:killed_by":{"zombiemobs:zombie_cat":1,"zombiemobs:zombie_fox":1,"zombiemobs:zombie_dolphin":1,"zombiemobs:zombie_wolf":1},"minecraft:dropped":{"minecraft:gravel":1,"minecraft:wheat_seeds":4,"minecraft:glass_bottle":2,"tombstone:grave_dust":1},"minecraft:used":{"minecraft:glass_bottle":1,"minecraft:stone_pickaxe":46,"minecraft:oak_planks":3,"minecraft:shield":1,"minecraft:wooden_pickaxe":2,"minecraft:iron_sword":50,"biomesoplenty:lavender":1,"minecraft:torch":23,"minecraft:dirt":2,"minecraft:crafting_table":2,"minecraft:iron_pickaxe":77,"minecraft:cobblestone":65,"minecraft:potion":5,"travelersbackpack:standard":1,"minecraft:furnace":1,"tombstone:gift":1,"alexsmobs:animal_dictionary":1,"minecraft:cooked_beef":6},"minecraft:custom":{"minecraft:interact_with_furnace":8,"minecraft:mob_kills":13,"minecraft:interact_with_crafting_table":7,"minecraft:time_since_death":6597,"minecraft:time_since_rest":6360,"minecraft:sprint_one_cm":192562,"minecraft:damage_taken":1115,"minecraft:walk_one_cm":143461,"minecraft:damage_blocked_by_shield":75,"minecraft:drop":6,"minecraft:damage_dealt":1988,"minecraft:fly_one_cm":147723,"minecraft:crouch_one_cm":4824,"minecraft:play_time":75520,"tombstone:undead_killed":9,"minecraft:deaths":4,"minecraft:sneak_time":3941,"minecraft:walk_under_water_one_cm":850,"minecraft:jump":918,"minecraft:walk_on_water_one_cm":4457,"minecraft:total_world_time":75520,"minecraft:fall_one_cm":16245},"minecraft:picked_up":{"biomesoplenty:lavender":1,"minecraft:birch_log":5,"minecraft:cooked_beef":64,"minecraft:leather":2,"alexsmobs:bear_fur":1,"minecraft:potion":64,"firstaid:morphine":16,"minecraft:oak_log":7,"minecraft:lapis_lazuli":4,"minecraft:string":3,"minecraft:dirt":4,"minecraft:raw_copper":57,"minecraft:wheat_seeds":4,"minecraft:glass_bottle":5,"minecraft:raw_iron":50,"minecraft:torch":3,"minecraft:gravel":3,"minecraft:diorite":15,"travelersbackpack:standard":1,"minecraft:rotten_flesh":5,"firstaid:bandage":64,"minecraft:coal":4,"minecraft:rail":1,"minecraft:cobblestone":78},"minecraft:mined":{"minecraft:torch":2,"minecraft:cobblestone":10,"minecraft:copper_ore":17,"minecraft:lapis_ore":1,"minecraft:diorite":15,"minecraft:birch_log":5,"minecraft:iron_ore":51,"biomesoplenty:lavender":1,"minecraft:grass":12,"minecraft:oak_log":7,"minecraft:coal_ore":4,"minecraft:rail":1,"minecraft:gravel":3,"minecraft:dirt":4,"minecraft:cobweb":1,"minecraft:stone":25,"minecraft:fern":3},"minecraft:killed":{"alexsmobs:grizzly_bear":1,"hordes:zombie_player":2,"minecraft:spider":1,"minecraft:zombie":7,"minecraft:cow":1}},"DataVersion":3120}