{"stats":{"minecraft:crafted":{"minecraft:oak_door":3,"minecraft:oak_planks":44,"minecraft:iron_nugget":36,"minecraft:furnace":1,"minecraft:oak_trapdoor":2,"minecraft:iron_boots":1,"minecraft:iron_axe":1,"minecraft:ladder":3,"minecraft:stone_pickaxe":1,"minecraft:chest":2,"minecraft:crafting_table":2,"tacz:ammo_box":2,"minecraft:wooden_pickaxe":1,"minecraft:iron_helmet":1,"minecraft:iron_sword":1,"tacz:gun_smith_table":1,"minecraft:copper_ingot":122,"minecraft:bucket":1,"minecraft:birch_planks":36,"minecraft:air":0,"biomesoplenty:fir_planks":120,"minecraft:iron_chestplate":1,"minecraft:shield":1,"minecraft:stick":24,"minecraft:iron_pickaxe":1,"minecraft:iron_ingot":90,"minecraft:oak_stairs":4,"minecraft:iron_block":1,"minecraft:iron_shovel":1,"minecraft:iron_leggings":1,"minecraft:torch":16},"minecraft:killed_by":{"minecraft:player":1,"zombiemobs:zombie_cat":1,"zombiemobs:zombie_fox":1,"zombiemobs:zombie_dolphin":1,"minecraft:zombie":1,"zombiemobs:zombie_wolf":1},"minecraft:dropped":{"minecraft:wheat_seeds":4,"minecraft:lapis_lazuli":5,"minecraft:glass_bottle":2,"minecraft:diamond":1,"tombstone:grave_dust":1,"minecraft:oak_door":2,"minecraft:gravel":1,"minecraft:furnace":1},"minecraft:custom":{"minecraft:mob_kills":98,"minecraft:interact_with_crafting_table":24,"minecraft:time_since_death":11302,"minecraft:climb_one_cm":3284,"minecraft:sprint_one_cm":246939,"minecraft:walk_one_cm":261407,"minecraft:damage_blocked_by_shield":480,"minecraft:drop":14,"minecraft:play_time":117520,"minecraft:deaths":6,"minecraft:sneak_time":6722,"minecraft:walk_under_water_one_cm":850,"minecraft:jump":1306,"minecraft:interact_with_blast_furnace":9,"minecraft:walk_on_water_one_cm":4583,"minecraft:total_world_time":117520,"minecraft:interact_with_furnace":102,"minecraft:time_since_rest":10887,"minecraft:damage_taken":1512,"minecraft:damage_dealt":6754,"minecraft:fly_one_cm":202819,"minecraft:open_chest":17,"minecraft:crouch_one_cm":6746,"tombstone:undead_killed":84,"minecraft:fall_one_cm":24646},"minecraft:used":{"minecraft:oak_trapdoor":3,"minecraft:iron_shovel":60,"minecraft:ladder":5,"tacz:gun_smith_table":2,"minecraft:chest":2,"minecraft:shield":16,"minecraft:iron_sword":183,"minecraft:iron_chestplate":1,"minecraft:oak_door":3,"minecraft:torch":23,"minecraft:dirt":67,"minecraft:mutton":2,"minecraft:milk_bucket":1,"minecraft:iron_axe":71,"minecraft:oak_stairs":5,"minecraft:iron_boots":1,"minecraft:furnace":1,"tombstone:gift":3,"minecraft:cooked_beef":20,"minecraft:diorite":15,"minecraft:stone_pickaxe":46,"minecraft:glass_bottle":1,"minecraft:oak_planks":4,"minecraft:wooden_pickaxe":2,"biomesoplenty:fir_planks":105,"biomesoplenty:lavender":1,"minecraft:crafting_table":2,"minecraft:iron_pickaxe":80,"tombstone:magic_scroll":3,"minecraft:gravel":2,"minecraft:potion":38,"minecraft:cobblestone":67,"travelersbackpack:standard":2,"alexsmobs:animal_dictionary":1},"minecraft:picked_up":{"minecraft:iron_chestplate":1,"minecraft:ladder":2,"minecraft:wooden_pickaxe":2,"minecraft:oak_stairs":1,"minecraft:potion":166,"minecraft:enchanted_book":1,"firstaid:morphine":24,"minecraft:shield":2,"minecraft:string":8,"minecraft:oak_trapdoor":1,"minecraft:raw_copper":113,"minecraft:iron_axe":2,"biomesoplenty:yellow_autumn_sapling":2,"minecraft:iron_leggings":1,"tacz:ammo":558,"minecraft:iron_shovel":2,"minecraft:bucket":1,"biomesoplenty:fir_planks":1,"minecraft:iron_pickaxe":2,"minecraft:iron_boots":1,"minecraft:furnace":1,"minecraft:stick":5,"minecraft:raw_iron":83,"minecraft:oak_door":3,"minecraft:copper_ingot":16,"minecraft:torch":3,"minecraft:porkchop":21,"tombstone:grave_dust":4,"minecraft:diorite":30,"minecraft:rotten_flesh":11,"firstaid:bandage":144,"minecraft:mutton":2,"minecraft:rail":1,"minecraft:white_wool":3,"minecraft:cobblestone":78,"biomesoplenty:lavender":1,"minecraft:birch_log":19,"minecraft:cooked_beef":166,"minecraft:leather":2,"alexsmobs:bear_fur":1,"biomesoplenty:fir_sapling":3,"biomesoplenty:fir_log":34,"minecraft:flint":2,"minecraft:oak_log":11,"minecraft:gunpowder":60,"minecraft:lapis_lazuli":5,"minecraft:dirt":124,"minecraft:wheat_seeds":16,"minecraft:iron_ingot":17,"minecraft:stone_pickaxe":2,"minecraft:glass_bottle":22,"tacz:gun_smith_table":1,"minecraft:iron_sword":2,"minecraft:oak_planks":32,"minecraft:milk_bucket":1,"minecraft:gravel":5,"alexsmobs:animal_dictionary":2,"travelersbackpack:standard":2,"minecraft:diamond":1,"tacz:modern_kinetic_gun":4,"minecraft:iron_helmet":1,"minecraft:golden_apple":2,"tombstone:magic_scroll":3,"minecraft:coal":66},"minecraft:mined":{"minecraft:ladder":2,"minecraft:grass_block":54,"tacz:gun_smith_table":1,"minecraft:oak_trapdoor":1,"minecraft:iron_ore":51,"biomesoplenty:lavender":1,"minecraft:rail":1,"minecraft:oak_stairs":1,"minecraft:stone":25,"travelersbackpack:standard":1,"minecraft:torch":2,"biomesoplenty:fir_planks":1,"minecraft:copper_ore":17,"minecraft:cobblestone":12,"minecraft:lapis_ore":1,"minecraft:oak_planks":3,"minecraft:diorite":15,"biomesoplenty:yellow_autumn_leaves":1,"minecraft:birch_log":19,"biomesoplenty:fir_log":37,"minecraft:grass":25,"minecraft:coal_ore":4,"minecraft:oak_log":11,"biomesoplenty:fir_leaves":5,"minecraft:gravel":5,"minecraft:dirt":14,"minecraft:cobweb":1,"minecraft:oak_leaves":1,"minecraft:fern":20},"minecraft:killed":{"hordes:zombie_player":5,"minecraft:spider":4,"zombiemobs:zombie_panda":1,"zombiemobs:zombie_pig":1,"minecraft:pig":3,"alexsmobs:grizzly_bear":1,"minecraft:sheep":1,"minecraft:zombie":77,"minecraft:cow":1}},"DataVersion":3120}