{"stats":{"minecraft:crafted":{"minecraft:oak_planks":88,"minecraft:crafting_table":1,"minecraft:wooden_pickaxe":1,"minecraft:iron_helmet":1,"minecraft:furnace":2,"minecraft:stone_axe":1,"minecraft:air":0,"minecraft:iron_boots":1,"minecraft:iron_chestplate":1,"minecraft:shield":1,"minecraft:iron_axe":1,"minecraft:stick":124,"minecraft:iron_ingot":29,"minecraft:iron_pickaxe":1,"minecraft:stone_pickaxe":1,"minecraft:wooden_axe":1,"minecraft:iron_leggings":1,"minecraft:dark_oak_planks":24,"minecraft:torch":196},"minecraft:killed_by":{"minecraft:zombie":1,"minecraft:enderman":1,"zombiemobs:zombie_fox":1},"minecraft:dropped":{"minecraft:cooked_beef":64,"minecraft:glass_bottle":1,"firstaid:morphine":16,"travelersbackpack:standard":2,"firstaid:bandage":64,"minecraft:potion":64,"minecraft:stone_pickaxe":1},"minecraft:used":{"minecraft:diorite":1,"minecraft:stone_pickaxe":117,"minecraft:oak_planks":34,"minecraft:wooden_pickaxe":8,"minecraft:shield":11,"minecraft:torch":77,"minecraft:dirt":11,"minecraft:crafting_table":3,"minecraft:wooden_axe":1,"minecraft:iron_axe":21,"minecraft:iron_pickaxe":179,"minecraft:stone_axe":29,"minecraft:cobblestone":12,"minecraft:potion":10,"travelersbackpack:standard":1,"minecraft:furnace":2,"minecraft:cooked_beef":6,"minecraft:cobbled_deepslate":1},"minecraft:custom":{"minecraft:interact_with_furnace":27,"minecraft:mob_kills":11,"minecraft:interact_with_crafting_table":11,"minecraft:time_since_death":585,"minecraft:time_since_rest":235,"minecraft:sprint_one_cm":100644,"minecraft:damage_taken":660,"minecraft:walk_one_cm":77721,"minecraft:damage_blocked_by_shield":473,"minecraft:drop":13,"minecraft:damage_dealt":2021,"minecraft:fly_one_cm":105823,"minecraft:crouch_one_cm":11002,"minecraft:play_time":36844,"tombstone:undead_killed":10,"minecraft:deaths":3,"minecraft:sneak_time":3512,"minecraft:jump":646,"minecraft:total_world_time":36844,"minecraft:fall_one_cm":12810},"minecraft:picked_up":{"minecraft:iron_chestplate":1,"minecraft:crafting_table":4,"minecraft:cooked_beef":58,"minecraft:andesite":7,"biomesoplenty:orange_autumn_sapling":1,"minecraft:potion":55,"firstaid:morphine":16,"minecraft:oak_log":22,"minecraft:shield":1,"minecraft:lapis_lazuli":68,"minecraft:string":4,"minecraft:dirt":11,"minecraft:raw_copper":284,"minecraft:iron_axe":1,"biomesoplenty:yellow_autumn_sapling":1,"minecraft:name_tag":1,"minecraft:iron_leggings":1,"minecraft:apple":2,"minecraft:cobbled_deepslate":1,"minecraft:raw_gold":1,"minecraft:iron_ingot":3,"minecraft:stone_pickaxe":1,"minecraft:iron_pickaxe":1,"minecraft:glass_bottle":16,"minecraft:iron_boots":1,"minecraft:furnace":4,"minecraft:stick":65,"minecraft:raw_iron":158,"minecraft:torch":89,"minecraft:quartz":2,"tombstone:grave_dust":4,"minecraft:diorite":2,"minecraft:redstone":9,"minecraft:dark_oak_log":6,"alexsmobs:animal_dictionary":1,"travelersbackpack:standard":1,"minecraft:rotten_flesh":7,"minecraft:iron_helmet":1,"minecraft:granite":2,"firstaid:bandage":40,"minecraft:coal":112,"minecraft:cobblestone":64},"minecraft:mined":{"minecraft:dark_oak_log":6,"minecraft:crafting_table":3,"minecraft:granite":1,"minecraft:grass_block":3,"minecraft:copper_ore":59,"minecraft:deepslate_coal_ore":8,"minecraft:lapis_ore":4,"minecraft:diorite":3,"minecraft:wall_torch":2,"minecraft:deepslate_copper_ore":1,"biomesoplenty:tall_lavender":1,"minecraft:furnace":2,"minecraft:iron_ore":89,"minecraft:andesite":7,"biomesoplenty:maple_leaves":1,"minecraft:deepslate_lapis_ore":2,"minecraft:grass":4,"minecraft:oak_log":22,"minecraft:coal_ore":62,"minecraft:deepslate_iron_ore":5,"minecraft:dirt":8,"minecraft:stone":56,"minecraft:gold_ore":1,"minecraft:deepslate":1},"minecraft:killed":{"hordes:zombie_player":1,"minecraft:zombie_villager":1,"minecraft:spider":1,"zombiemobs:zombie_fox":1,"kevin_trophy:crawler_zombie":1,"minecraft:zombie":6}},"DataVersion":3120}