{"stats":{"minecraft:crafted":{"minecraft:oak_planks":104,"minecraft:crafting_table":3,"minecraft:wooden_pickaxe":1,"minecraft:iron_helmet":1,"minecraft:furnace":8,"minecraft:bucket":1,"minecraft:stone_axe":1,"minecraft:air":0,"minecraft:iron_boots":1,"minecraft:iron_chestplate":1,"minecraft:shield":1,"minecraft:iron_axe":1,"minecraft:stick":124,"minecraft:iron_ingot":37,"minecraft:iron_pickaxe":1,"minecraft:stone_pickaxe":1,"minecraft:wooden_axe":1,"minecraft:iron_leggings":1,"minecraft:torch":196,"minecraft:dark_oak_planks":24},"minecraft:killed_by":{"alexsmobs:centipede_head":3,"minecraft:zombie":3,"alexsmobs:grizzly_bear":2,"minecraft:enderman":1,"zombiemobs:zombie_fox":1,"zombiemobs:zombie_llama":1,"zombiemobs:zombie_wolf":2},"minecraft:dropped":{"minecraft:iron_sword":1,"minecraft:cooked_beef":64,"minecraft:raw_copper":64,"minecraft:glass_bottle":1,"firstaid:morphine":16,"minecraft:cobblestone":42,"travelersbackpack:standard":2,"firstaid:bandage":64,"minecraft:potion":64,"tacz:modern_kinetic_gun":1,"minecraft:stone_pickaxe":1},"minecraft:used":{"minecraft:water_bucket":7,"minecraft:diorite":1,"minecraft:stone_pickaxe":117,"minecraft:oak_planks":34,"minecraft:wooden_pickaxe":10,"minecraft:shield":25,"minecraft:torch":146,"minecraft:golden_apple":1,"minecraft:dirt":11,"minecraft:crafting_table":5,"minecraft:wooden_axe":5,"minecraft:iron_axe":96,"minecraft:iron_pickaxe":265,"minecraft:iron_helmet":1,"minecraft:stone_axe":29,"minecraft:potion":24,"minecraft:cobblestone":126,"travelersbackpack:standard":3,"minecraft:furnace":9,"minecraft:bucket":7,"minecraft:cooked_beef":16,"minecraft:cobbled_deepslate":16},"minecraft:custom":{"minecraft:interact_with_furnace":49,"minecraft:mob_kills":38,"minecraft:interact_with_crafting_table":16,"minecraft:damage_dealt_resisted":47,"minecraft:leave_game":3,"minecraft:time_since_death":1039,"minecraft:time_since_rest":728,"minecraft:sprint_one_cm":264145,"minecraft:damage_taken":3401,"minecraft:walk_one_cm":159248,"minecraft:damage_blocked_by_shield":938,"minecraft:drop":17,"minecraft:damage_dealt":7071,"minecraft:swim_one_cm":16004,"minecraft:fly_one_cm":400860,"minecraft:open_chest":2,"minecraft:crouch_one_cm":18296,"minecraft:play_time":84075,"tombstone:undead_killed":31,"minecraft:deaths":13,"minecraft:sneak_time":6419,"minecraft:walk_under_water_one_cm":7136,"minecraft:jump":2081,"minecraft:walk_on_water_one_cm":7828,"minecraft:total_world_time":84075,"minecraft:fall_one_cm":57632},"minecraft:picked_up":{"minecraft:crafting_table":5,"minecraft:iron_chestplate":3,"minecraft:cooked_beef":176,"minecraft:andesite":7,"minecraft:leather":5,"biomesoplenty:orange_autumn_sapling":1,"minecraft:enchanted_book":1,"minecraft:potion":168,"firstaid:morphine":47,"minecraft:oak_log":86,"minecraft:shield":3,"minecraft:gunpowder":5,"minecraft:dirt":11,"minecraft:lapis_lazuli":106,"minecraft:string":16,"tombstone:gift":1,"minecraft:raw_copper":430,"minecraft:iron_axe":4,"biomesoplenty:yellow_autumn_sapling":1,"minecraft:name_tag":2,"minecraft:iron_leggings":3,"minecraft:bone":15,"minecraft:apple":4,"minecraft:wheat_seeds":3,"minecraft:cobbled_deepslate":18,"minecraft:raw_gold":13,"minecraft:beef":5,"minecraft:iron_ingot":5,"minecraft:stone_pickaxe":1,"minecraft:iron_pickaxe":4,"minecraft:glass_bottle":40,"minecraft:iron_sword":1,"minecraft:iron_boots":3,"minecraft:furnace":5,"firstaid:plaster":2,"minecraft:stick":129,"minecraft:raw_iron":319,"minecraft:torch":325,"minecraft:quartz":3,"tombstone:grave_dust":16,"minecraft:diorite":2,"minecraft:redstone":18,"minecraft:dark_oak_log":6,"alexsmobs:animal_dictionary":2,"travelersbackpack:standard":1,"minecraft:rotten_flesh":30,"minecraft:diamond":7,"minecraft:stone_axe":1,"tacz:modern_kinetic_gun":1,"minecraft:iron_helmet":3,"minecraft:granite":3,"minecraft:golden_apple":1,"minecraft:gold_ingot":68,"tombstone:magic_scroll":2,"firstaid:bandage":156,"minecraft:white_wool":4,"minecraft:coal":158,"minecraft:rail":4,"minecraft:cobblestone":174},"minecraft:mined":{"minecraft:deepslate_diamond_ore":2,"minecraft:dark_oak_log":6,"biomesoplenty:bush":1,"minecraft:crafting_table":3,"minecraft:torch":1,"minecraft:granite":1,"minecraft:grass_block":3,"minecraft:tall_grass":2,"minecraft:copper_ore":61,"minecraft:cobblestone":10,"minecraft:deepslate_coal_ore":8,"minecraft:lapis_ore":4,"minecraft:deepslate_gold_ore":11,"minecraft:diorite":3,"minecraft:wall_torch":2,"minecraft:deepslate_copper_ore":1,"biomesoplenty:tall_lavender":1,"minecraft:furnace":3,"biomesoplenty:toadstool":2,"minecraft:iron_ore":102,"minecraft:cobbled_deepslate":1,"biomesoplenty:lavender":1,"minecraft:andesite":7,"biomesoplenty:maple_leaves":1,"minecraft:deepslate_lapis_ore":2,"minecraft:grass":12,"minecraft:oak_log":22,"minecraft:coal_ore":74,"minecraft:deepslate_iron_ore":12,"minecraft:dirt":8,"minecraft:stone":65,"minecraft:gold_ore":2,"minecraft:fern":4,"minecraft:deepslate":17},"minecraft:killed":{"zombiemobs:zombie_pig":1,"zombiemobs:zombie_cat":1,"hordes:zombie_player":3,"minecraft:zombie_villager":1,"minecraft:spider":2,"zombiemobs:zombie_sheep":2,"minecraft:sheep":1,"zombiemobs:zombie_fox":1,"kevin_trophy:crawler_zombie":1,"minecraft:zombie":20,"minecraft:cow":3,"zombiemobs:zombie_cow":1}},"DataVersion":3120}