{"stats":{"minecraft:crafted":{"minecraft:oak_planks":56,"minecraft:crafting_table":1,"minecraft:wooden_pickaxe":1,"minecraft:iron_helmet":1,"minecraft:furnace":2,"minecraft:stone_axe":1,"minecraft:air":0,"minecraft:iron_boots":1,"minecraft:iron_chestplate":1,"minecraft:shield":1,"minecraft:iron_axe":1,"minecraft:stick":60,"minecraft:iron_ingot":29,"minecraft:iron_pickaxe":1,"minecraft:stone_pickaxe":1,"minecraft:wooden_axe":1,"minecraft:iron_leggings":1,"minecraft:dark_oak_planks":24,"minecraft:torch":20},"minecraft:killed_by":{"zombiemobs:zombie_fox":1},"minecraft:dropped":{"minecraft:cooked_beef":64,"minecraft:glass_bottle":1,"firstaid:morphine":16,"travelersbackpack:standard":2,"firstaid:bandage":64,"minecraft:potion":64,"minecraft:stone_pickaxe":1},"minecraft:used":{"minecraft:diorite":1,"minecraft:stone_pickaxe":117,"minecraft:oak_planks":18,"minecraft:wooden_pickaxe":8,"minecraft:shield":1,"minecraft:torch":35,"minecraft:dirt":11,"minecraft:crafting_table":3,"minecraft:iron_axe":4,"minecraft:iron_pickaxe":68,"minecraft:stone_axe":16,"minecraft:cobblestone":10,"minecraft:potion":2,"travelersbackpack:standard":1,"minecraft:furnace":2,"minecraft:cooked_beef":2},"minecraft:custom":{"minecraft:interact_with_furnace":27,"minecraft:mob_kills":1,"minecraft:interact_with_crafting_table":11,"minecraft:time_since_death":11426,"minecraft:time_since_rest":10905,"minecraft:sprint_one_cm":74858,"minecraft:damage_taken":239,"minecraft:walk_one_cm":50443,"minecraft:damage_blocked_by_shield":98,"minecraft:drop":13,"minecraft:damage_dealt":164,"minecraft:fly_one_cm":68396,"minecraft:crouch_one_cm":7807,"minecraft:play_time":24844,"tombstone:undead_killed":1,"minecraft:deaths":1,"minecraft:sneak_time":2277,"minecraft:jump":352,"minecraft:total_world_time":24844,"minecraft:fall_one_cm":6094},"minecraft:picked_up":{"minecraft:crafting_table":3,"minecraft:andesite":7,"biomesoplenty:orange_autumn_sapling":1,"minecraft:oak_log":22,"minecraft:dirt":11,"minecraft:raw_copper":96,"biomesoplenty:yellow_autumn_sapling":1,"minecraft:apple":1,"minecraft:iron_ingot":1,"minecraft:stone_pickaxe":1,"minecraft:glass_bottle":2,"minecraft:furnace":2,"minecraft:stick":1,"minecraft:raw_iron":55,"minecraft:torch":2,"minecraft:diorite":2,"minecraft:dark_oak_log":6,"travelersbackpack:standard":1,"minecraft:rotten_flesh":1,"minecraft:coal":65,"minecraft:cobblestone":49},"minecraft:killed":{"minecraft:zombie":1},"minecraft:mined":{"minecraft:dark_oak_log":6,"minecraft:crafting_table":3,"minecraft:grass_block":3,"minecraft:copper_ore":24,"minecraft:diorite":2,"biomesoplenty:tall_lavender":1,"minecraft:furnace":2,"minecraft:iron_ore":55,"minecraft:andesite":7,"biomesoplenty:maple_leaves":1,"minecraft:grass":4,"minecraft:oak_log":22,"minecraft:coal_ore":49,"minecraft:dirt":8,"minecraft:stone":54}},"DataVersion":3120}