{"stats":{"minecraft:crafted":{"minecraft:oak_planks":56,"minecraft:crafting_table":1,"minecraft:stick":12,"minecraft:wooden_pickaxe":1,"minecraft:stone_pickaxe":1,"minecraft:wooden_axe":1,"minecraft:torch":20,"minecraft:stone_axe":1},"minecraft:dropped":{"firstaid:bandage":64,"minecraft:cooked_beef":64,"minecraft:glass_bottle":1,"firstaid:morphine":16,"minecraft:potion":64,"travelersbackpack:standard":2},"minecraft:used":{"minecraft:diorite":1,"minecraft:stone_pickaxe":40,"minecraft:oak_planks":9,"minecraft:wooden_pickaxe":8,"minecraft:torch":9,"minecraft:stone_axe":16,"minecraft:dirt":11,"minecraft:cobblestone":3,"minecraft:potion":1,"travelersbackpack:standard":1,"minecraft:crafting_table":1,"minecraft:cooked_beef":1},"minecraft:custom":{"minecraft:time_since_rest":12844,"minecraft:sprint_one_cm":34396,"minecraft:damage_taken":10,"minecraft:walk_one_cm":18809,"minecraft:drop":12,"minecraft:interact_with_crafting_table":2,"minecraft:fly_one_cm":44905,"minecraft:crouch_one_cm":3977,"minecraft:play_time":12844,"minecraft:sneak_time":1311,"minecraft:jump":196,"minecraft:time_since_death":12844,"minecraft:total_world_time":12844,"minecraft:fall_one_cm":3580},"minecraft:picked_up":{"minecraft:raw_iron":10,"minecraft:stick":1,"minecraft:crafting_table":1,"minecraft:andesite":5,"minecraft:torch":1,"biomesoplenty:orange_autumn_sapling":1,"minecraft:oak_log":22,"minecraft:diorite":1,"minecraft:dark_oak_log":6,"minecraft:dirt":11,"biomesoplenty:yellow_autumn_sapling":1,"travelersbackpack:standard":1,"minecraft:apple":1,"minecraft:glass_bottle":1,"minecraft:coal":15,"minecraft:cobblestone":11},"minecraft:mined":{"biomesoplenty:tall_lavender":1,"minecraft:iron_ore":10,"minecraft:dark_oak_log":6,"minecraft:andesite":7,"biomesoplenty:maple_leaves":1,"minecraft:crafting_table":1,"minecraft:grass":4,"minecraft:coal_ore":15,"minecraft:grass_block":3,"minecraft:oak_log":22,"minecraft:dirt":8,"minecraft:stone":15,"minecraft:diorite":1}},"DataVersion":3120}