{"stats":{"minecraft:crafted":{"minecraft:oak_planks":88,"minecraft:crafting_table":1,"minecraft:wooden_pickaxe":1,"minecraft:iron_helmet":1,"minecraft:furnace":2,"minecraft:stone_axe":1,"minecraft:air":0,"minecraft:iron_boots":1,"minecraft:iron_chestplate":1,"minecraft:shield":1,"minecraft:iron_axe":1,"minecraft:stick":124,"minecraft:iron_ingot":29,"minecraft:iron_pickaxe":1,"minecraft:stone_pickaxe":1,"minecraft:wooden_axe":1,"minecraft:iron_leggings":1,"minecraft:torch":196,"minecraft:dark_oak_planks":24},"minecraft:killed_by":{"alexsmobs:centipede_head":3,"minecraft:zombie":2,"minecraft:enderman":1,"zombiemobs:zombie_fox":1},"minecraft:dropped":{"minecraft:cooked_beef":64,"minecraft:glass_bottle":1,"firstaid:morphine":16,"travelersbackpack:standard":2,"firstaid:bandage":64,"minecraft:potion":64,"minecraft:stone_pickaxe":1},"minecraft:used":{"minecraft:diorite":1,"minecraft:stone_pickaxe":117,"minecraft:oak_planks":34,"minecraft:wooden_pickaxe":10,"minecraft:shield":16,"minecraft:torch":116,"minecraft:dirt":11,"minecraft:crafting_table":3,"minecraft:wooden_axe":5,"minecraft:iron_axe":38,"minecraft:iron_pickaxe":223,"minecraft:stone_axe":29,"minecraft:potion":14,"minecraft:cobblestone":32,"travelersbackpack:standard":1,"minecraft:furnace":2,"minecraft:cooked_beef":10,"minecraft:cobbled_deepslate":16},"minecraft:custom":{"minecraft:interact_with_furnace":27,"minecraft:mob_kills":18,"minecraft:interact_with_crafting_table":11,"minecraft:leave_game":3,"minecraft:time_since_death":1540,"minecraft:time_since_rest":1,"minecraft:sprint_one_cm":129648,"minecraft:damage_taken":1771,"minecraft:walk_one_cm":97477,"minecraft:damage_blocked_by_shield":653,"minecraft:drop":13,"minecraft:damage_dealt":3239,"minecraft:fly_one_cm":171982,"minecraft:crouch_one_cm":15105,"minecraft:play_time":48685,"tombstone:undead_killed":16,"minecraft:deaths":7,"minecraft:sneak_time":5144,"minecraft:jump":956,"minecraft:total_world_time":48685,"minecraft:fall_one_cm":25604},"minecraft:picked_up":{"minecraft:crafting_table":5,"minecraft:iron_chestplate":2,"minecraft:cooked_beef":116,"minecraft:andesite":7,"biomesoplenty:orange_autumn_sapling":1,"minecraft:potion":110,"firstaid:morphine":32,"minecraft:oak_log":22,"minecraft:shield":2,"minecraft:dirt":11,"minecraft:lapis_lazuli":102,"minecraft:string":8,"tombstone:gift":1,"minecraft:raw_copper":348,"minecraft:iron_axe":2,"biomesoplenty:yellow_autumn_sapling":1,"minecraft:name_tag":2,"minecraft:iron_leggings":2,"minecraft:apple":3,"minecraft:cobbled_deepslate":18,"minecraft:raw_gold":11,"minecraft:iron_ingot":5,"minecraft:stone_pickaxe":1,"minecraft:iron_pickaxe":2,"minecraft:glass_bottle":28,"minecraft:iron_boots":2,"minecraft:furnace":4,"minecraft:stick":129,"minecraft:raw_iron":229,"minecraft:torch":239,"minecraft:quartz":3,"tombstone:grave_dust":6,"minecraft:diorite":2,"minecraft:redstone":18,"minecraft:dark_oak_log":6,"alexsmobs:animal_dictionary":2,"travelersbackpack:standard":1,"minecraft:rotten_flesh":10,"minecraft:diamond":2,"minecraft:stone_axe":1,"minecraft:iron_helmet":2,"minecraft:granite":3,"firstaid:bandage":80,"minecraft:coal":138,"minecraft:cobblestone":84},"minecraft:mined":{"minecraft:deepslate_diamond_ore":2,"minecraft:dark_oak_log":6,"minecraft:crafting_table":3,"minecraft:granite":1,"minecraft:grass_block":3,"minecraft:copper_ore":59,"minecraft:cobblestone":8,"minecraft:deepslate_coal_ore":8,"minecraft:lapis_ore":4,"minecraft:deepslate_gold_ore":11,"minecraft:diorite":3,"minecraft:wall_torch":2,"minecraft:deepslate_copper_ore":1,"biomesoplenty:tall_lavender":1,"minecraft:furnace":2,"minecraft:iron_ore":89,"minecraft:cobbled_deepslate":1,"minecraft:andesite":7,"biomesoplenty:maple_leaves":1,"minecraft:deepslate_lapis_ore":2,"minecraft:grass":4,"minecraft:oak_log":22,"minecraft:coal_ore":62,"minecraft:deepslate_iron_ore":12,"minecraft:dirt":8,"minecraft:stone":56,"minecraft:gold_ore":1,"minecraft:deepslate":17},"minecraft:killed":{"zombiemobs:zombie_pig":1,"hordes:zombie_player":2,"minecraft:zombie_villager":1,"minecraft:spider":2,"zombiemobs:zombie_fox":1,"kevin_trophy:crawler_zombie":1,"minecraft:zombie":10}},"DataVersion":3120}