{"stats":{"minecraft:crafted":{"minecraft:oak_door":3,"minecraft:smooth_stone":16,"minecraft:oak_planks":232,"minecraft:furnace":8,"minecraft:blast_furnace":5,"minecraft:stone":16,"minecraft:iron_boots":1,"minecraft:iron_axe":1,"minecraft:stone_pickaxe":1,"minecraft:dark_oak_planks":24,"minecraft:crafting_table":3,"minecraft:wooden_pickaxe":1,"minecraft:iron_helmet":1,"minecraft:copper_ingot":264,"minecraft:bucket":2,"minecraft:stone_axe":1,"minecraft:air":0,"minecraft:iron_chestplate":1,"minecraft:shield":1,"minecraft:stick":124,"minecraft:iron_ingot":130,"minecraft:iron_pickaxe":1,"minecraft:wooden_axe":1,"minecraft:iron_leggings":1,"minecraft:torch":196},"minecraft:killed_by":{"minecraft:spider":1,"minecraft:enderman":1,"zombiemobs:zombie_fox":2,"zombiemobs:zombie_goat":3,"alexsmobs:centipede_head":3,"minecraft:zombie":3,"kevin_trophy:blister_zombie":1,"alexsmobs:grizzly_bear":2,"zombiemobs:zombie_llama":1,"zombiemobs:zombie_wolf":5},"minecraft:dropped":{"minecraft:iron_sword":1,"minecraft:cooked_beef":64,"minecraft:glass_bottle":1,"minecraft:cobblestone":42,"travelersbackpack:standard":2,"minecraft:coal":96,"firstaid:bandage":64,"minecraft:milk_bucket":1,"tombstone:magic_scroll":1,"minecraft:potion":64,"tacz:modern_kinetic_gun":1,"minecraft:iron_axe":2,"minecraft:iron_pickaxe":1,"minecraft:raw_copper":64,"firstaid:morphine":16,"minecraft:oak_planks":29,"minecraft:gunpowder":60,"tacz:ammo":60,"minecraft:wooden_pickaxe":1,"minecraft:stone_pickaxe":1},"minecraft:custom":{"minecraft:mob_kills":70,"minecraft:interact_with_crafting_table":22,"minecraft:damage_dealt_resisted":71,"minecraft:leave_game":3,"minecraft:time_since_death":505,"minecraft:climb_one_cm":1510,"minecraft:sprint_one_cm":349678,"minecraft:walk_one_cm":287145,"minecraft:damage_blocked_by_shield":2143,"minecraft:drop":33,"minecraft:play_time":126075,"minecraft:deaths":22,"minecraft:sneak_time":6978,"minecraft:walk_under_water_one_cm":8259,"minecraft:jump":3024,"minecraft:interact_with_blast_furnace":30,"minecraft:walk_on_water_one_cm":8890,"minecraft:total_world_time":126075,"minecraft:interact_with_furnace":180,"minecraft:time_since_rest":85,"minecraft:damage_taken":6304,"minecraft:damage_dealt":10555,"minecraft:player_kills":1,"minecraft:swim_one_cm":16695,"minecraft:fly_one_cm":598498,"minecraft:open_chest":16,"minecraft:crouch_one_cm":19691,"tombstone:undead_killed":66,"minecraft:fall_one_cm":74566},"minecraft:used":{"minecraft:netherite_sword":4,"minecraft:shield":57,"minecraft:zombie_spawn_egg":109,"minecraft:oak_door":2,"minecraft:torch":161,"minecraft:dirt":13,"minecraft:carrot":1,"minecraft:wooden_axe":5,"minecraft:iron_axe":178,"minecraft:slime_block":1,"minecraft:iron_helmet":1,"minecraft:furnace":9,"minecraft:cooked_beef":25,"minecraft:cobbled_deepslate":16,"minecraft:water_bucket":7,"minecraft:diorite":1,"minecraft:stone_pickaxe":117,"minecraft:oak_planks":86,"minecraft:wooden_pickaxe":10,"kevin_trophy:spitter_zombie_spawn_egg":4,"minecraft:golden_apple":1,"minecraft:crafting_table":5,"minecraft:blast_furnace":5,"kevin_trophy:zombie_brute_spawn_egg":1,"tombstone:bag_of_seeds":2,"kevin_trophy:crawler_zombie_spawn_egg":1,"kevin_trophy:blister_zombie_spawn_egg":1,"minecraft:iron_pickaxe":272,"minecraft:stone_axe":29,"minecraft:cobblestone":130,"minecraft:potion":121,"travelersbackpack:standard":3,"minecraft:bucket":7},"minecraft:picked_up":{"minecraft:iron_chestplate":6,"minecraft:crafting_table":5,"minecraft:wooden_pickaxe":1,"biomesoplenty:orange_autumn_sapling":1,"minecraft:potion":314,"minecraft:enchanted_book":1,"firstaid:morphine":87,"minecraft:shield":6,"minecraft:oak_trapdoor":6,"minecraft:string":26,"minecraft:netherite_scrap":1,"minecraft:raw_copper":430,"minecraft:iron_axe":8,"biomesoplenty:yellow_autumn_sapling":5,"minecraft:iron_leggings":5,"tacz:ammo":739,"minecraft:cobbled_deepslate":18,"minecraft:beef":5,"minecraft:poppy":3,"minecraft:iron_pickaxe":8,"minecraft:iron_boots":5,"minecraft:furnace":10,"minecraft:stick":133,"minecraft:raw_iron":352,"minecraft:oak_door":1,"minecraft:copper_ingot":129,"minecraft:torch":345,"tombstone:grave_dust":37,"minecraft:diorite":2,"minecraft:carrot":2,"minecraft:redstone":18,"minecraft:golden_chestplate":1,"minecraft:rotten_flesh":121,"minecraft:gold_ingot":68,"firstaid:bandage":227,"minecraft:rail":4,"minecraft:white_wool":5,"minecraft:cobblestone":175,"minecraft:birch_log":16,"minecraft:cooked_beef":327,"minecraft:andesite":7,"minecraft:leather":7,"minecraft:oak_log":86,"minecraft:gunpowder":185,"minecraft:lapis_lazuli":106,"minecraft:dirt":14,"tombstone:gift":2,"minecraft:name_tag":2,"minecraft:bone":15,"minecraft:apple":5,"minecraft:wheat_seeds":3,"minecraft:raw_gold":13,"minecraft:stone_pickaxe":1,"minecraft:iron_ingot":40,"tombstone:bag_of_seeds":1,"minecraft:glass_bottle":121,"minecraft:oak_planks":53,"minecraft:iron_sword":1,"firstaid:plaster":2,"minecraft:quartz":5,"minecraft:dandelion":2,"minecraft:dark_oak_log":6,"alexsmobs:animal_dictionary":2,"travelersbackpack:standard":1,"minecraft:diamond":8,"minecraft:slime_block":2,"minecraft:stone_axe":1,"tacz:modern_kinetic_gun":4,"minecraft:iron_helmet":6,"minecraft:granite":3,"minecraft:golden_apple":1,"tombstone:magic_scroll":8,"minecraft:coal":422},"minecraft:broken":{"minecraft:iron_boots":1,"minecraft:iron_leggings":1},"minecraft:killed":{"hordes:zombie_player":5,"minecraft:spider":4,"zombiemobs:zombie_sheep":3,"zombiemobs:zombie_llama":1,"zombiemobs:zombie_ocelot":2,"zombiemobs:zombie_wolf":1,"kevin_trophy:spitter_zombie":1,"zombiemobs:zombie_cow":1,"zombiemobs:zombie_pig":2,"zombiemobs:zombie_cat":1,"minecraft:zombie_villager":2,"minecraft:sheep":1,"zombiemobs:zombie_fox":2,"kevin_trophy:crawler_zombie":2,"minecraft:zombie":39,"zombiemobs:zombie_goat":3,"kevin_trophy:zombie_brute":1,"minecraft:cow":3},"minecraft:mined":{"minecraft:deepslate_diamond_ore":2,"minecraft:oak_door":1,"minecraft:dark_oak_log":6,"minecraft:granite":1,"biomesoplenty:bush":1,"minecraft:grass_block":3,"biomesoplenty:tall_lavender":1,"minecraft:oak_trapdoor":2,"minecraft:furnace":8,"biomesoplenty:toadstool":2,"minecraft:iron_ore":102,"minecraft:cobbled_deepslate":1,"biomesoplenty:lavender":1,"minecraft:andesite":7,"minecraft:deepslate_lapis_ore":2,"minecraft:deepslate_iron_ore":12,"minecraft:stone":65,"minecraft:dandelion":1,"minecraft:crafting_table":3,"minecraft:torch":1,"minecraft:poppy":1,"minecraft:copper_ore":61,"minecraft:tall_grass":2,"minecraft:cobblestone":11,"minecraft:deepslate_coal_ore":8,"minecraft:slime_block":1,"minecraft:deepslate_gold_ore":11,"minecraft:lapis_ore":4,"minecraft:oak_planks":2,"minecraft:diorite":3,"minecraft:wall_torch":3,"minecraft:deepslate_copper_ore":1,"minecraft:birch_log":17,"biomesoplenty:maple_leaves":1,"minecraft:grass":18,"minecraft:coal_ore":74,"minecraft:oak_log":22,"minecraft:dirt":9,"minecraft:gold_ore":2,"minecraft:deepslate":17,"minecraft:fern":13}},"DataVersion":3120}