{"stats":{"minecraft:crafted":{"minecraft:oak_planks":232,"minecraft:furnace":8,"minecraft:iron_boots":1,"minecraft:iron_axe":1,"minecraft:stone_pickaxe":1,"minecraft:dark_oak_planks":24,"minecraft:crafting_table":3,"minecraft:wooden_pickaxe":1,"minecraft:iron_helmet":1,"minecraft:bucket":1,"minecraft:stone_axe":1,"minecraft:air":0,"minecraft:iron_chestplate":1,"minecraft:shield":1,"minecraft:stick":124,"minecraft:iron_ingot":37,"minecraft:iron_pickaxe":1,"minecraft:wooden_axe":1,"minecraft:iron_leggings":1,"minecraft:torch":196},"minecraft:killed_by":{"minecraft:enderman":1,"zombiemobs:zombie_fox":1,"zombiemobs:zombie_goat":2,"alexsmobs:centipede_head":3,"minecraft:zombie":3,"alexsmobs:grizzly_bear":2,"zombiemobs:zombie_llama":1,"zombiemobs:zombie_wolf":2},"minecraft:dropped":{"minecraft:iron_sword":1,"minecraft:cooked_beef":64,"minecraft:glass_bottle":1,"minecraft:cobblestone":42,"travelersbackpack:standard":2,"firstaid:bandage":64,"tombstone:magic_scroll":1,"minecraft:potion":64,"tacz:modern_kinetic_gun":1,"minecraft:iron_axe":1,"minecraft:raw_copper":64,"firstaid:morphine":16,"minecraft:oak_planks":29,"minecraft:gunpowder":34,"minecraft:stone_pickaxe":1},"minecraft:used":{"minecraft:shield":52,"minecraft:zombie_spawn_egg":34,"minecraft:torch":156,"minecraft:dirt":12,"minecraft:carrot":1,"minecraft:wooden_axe":5,"minecraft:iron_axe":134,"minecraft:iron_helmet":1,"minecraft:furnace":9,"minecraft:cooked_beef":18,"minecraft:cobbled_deepslate":16,"minecraft:water_bucket":7,"minecraft:diorite":1,"minecraft:stone_pickaxe":117,"minecraft:oak_planks":79,"minecraft:wooden_pickaxe":10,"minecraft:golden_apple":1,"minecraft:crafting_table":5,"tombstone:bag_of_seeds":2,"minecraft:iron_pickaxe":266,"minecraft:stone_axe":29,"minecraft:cobblestone":130,"minecraft:potion":27,"travelersbackpack:standard":3,"minecraft:bucket":7},"minecraft:custom":{"minecraft:mob_kills":52,"minecraft:interact_with_crafting_table":16,"minecraft:damage_dealt_resisted":47,"minecraft:leave_game":3,"minecraft:time_since_death":6316,"minecraft:sprint_one_cm":299951,"minecraft:walk_one_cm":191073,"minecraft:damage_blocked_by_shield":1973,"minecraft:drop":25,"minecraft:play_time":96075,"minecraft:deaths":15,"minecraft:sneak_time":6622,"minecraft:walk_under_water_one_cm":7136,"minecraft:jump":2492,"minecraft:walk_on_water_one_cm":7828,"minecraft:total_world_time":96075,"minecraft:interact_with_furnace":73,"minecraft:time_since_rest":5013,"minecraft:damage_taken":4157,"minecraft:damage_dealt":9042,"minecraft:swim_one_cm":16004,"minecraft:fly_one_cm":474003,"minecraft:open_chest":6,"minecraft:crouch_one_cm":18748,"tombstone:undead_killed":43,"minecraft:fall_one_cm":64553},"minecraft:picked_up":{"minecraft:iron_chestplate":4,"minecraft:crafting_table":5,"biomesoplenty:orange_autumn_sapling":1,"minecraft:potion":222,"minecraft:enchanted_book":1,"firstaid:morphine":61,"minecraft:shield":4,"minecraft:string":18,"minecraft:raw_copper":430,"minecraft:iron_axe":5,"biomesoplenty:yellow_autumn_sapling":1,"minecraft:iron_leggings":4,"minecraft:cobbled_deepslate":18,"minecraft:beef":5,"minecraft:poppy":2,"minecraft:iron_pickaxe":5,"minecraft:iron_boots":4,"minecraft:furnace":5,"minecraft:stick":129,"minecraft:raw_iron":319,"minecraft:torch":343,"tombstone:grave_dust":21,"minecraft:diorite":2,"minecraft:carrot":1,"minecraft:redstone":18,"minecraft:rotten_flesh":51,"minecraft:gold_ingot":68,"firstaid:bandage":171,"minecraft:rail":4,"minecraft:white_wool":4,"minecraft:cobblestone":174,"minecraft:cooked_beef":231,"minecraft:andesite":7,"minecraft:leather":5,"minecraft:oak_log":86,"minecraft:gunpowder":133,"minecraft:lapis_lazuli":106,"minecraft:dirt":14,"tombstone:gift":1,"minecraft:name_tag":2,"minecraft:bone":15,"minecraft:apple":5,"minecraft:wheat_seeds":3,"minecraft:raw_gold":13,"minecraft:stone_pickaxe":1,"minecraft:iron_ingot":5,"tombstone:bag_of_seeds":1,"minecraft:glass_bottle":45,"minecraft:iron_sword":1,"firstaid:plaster":2,"minecraft:quartz":5,"minecraft:dandelion":2,"minecraft:dark_oak_log":6,"alexsmobs:animal_dictionary":2,"travelersbackpack:standard":1,"minecraft:diamond":7,"minecraft:stone_axe":1,"tacz:modern_kinetic_gun":1,"minecraft:iron_helmet":4,"minecraft:granite":3,"minecraft:golden_apple":1,"tombstone:magic_scroll":3,"minecraft:coal":158},"minecraft:killed":{"hordes:zombie_player":3,"minecraft:spider":3,"zombiemobs:zombie_sheep":2,"zombiemobs:zombie_cow":1,"zombiemobs:zombie_pig":2,"zombiemobs:zombie_cat":1,"minecraft:zombie_villager":1,"minecraft:sheep":1,"zombiemobs:zombie_fox":1,"kevin_trophy:crawler_zombie":2,"minecraft:zombie":29,"zombiemobs:zombie_goat":1,"minecraft:cow":3},"minecraft:mined":{"minecraft:deepslate_diamond_ore":2,"minecraft:dark_oak_log":6,"minecraft:granite":1,"biomesoplenty:bush":1,"minecraft:grass_block":3,"biomesoplenty:tall_lavender":1,"minecraft:furnace":3,"biomesoplenty:toadstool":2,"minecraft:iron_ore":102,"minecraft:cobbled_deepslate":1,"biomesoplenty:lavender":1,"minecraft:andesite":7,"minecraft:deepslate_lapis_ore":2,"minecraft:deepslate_iron_ore":12,"minecraft:stone":65,"minecraft:dandelion":1,"minecraft:crafting_table":3,"minecraft:torch":1,"minecraft:poppy":1,"minecraft:copper_ore":61,"minecraft:tall_grass":2,"minecraft:cobblestone":10,"minecraft:deepslate_coal_ore":8,"minecraft:deepslate_gold_ore":11,"minecraft:lapis_ore":4,"minecraft:diorite":3,"minecraft:wall_torch":2,"minecraft:deepslate_copper_ore":1,"biomesoplenty:maple_leaves":1,"minecraft:grass":17,"minecraft:coal_ore":74,"minecraft:oak_log":22,"minecraft:dirt":9,"minecraft:gold_ore":2,"minecraft:deepslate":17,"minecraft:fern":9}},"DataVersion":3120}