{"stats":{"minecraft:crafted":{"minecraft:oak_planks":104,"minecraft:crafting_table":1,"minecraft:wooden_pickaxe":1,"minecraft:iron_helmet":1,"minecraft:furnace":2,"minecraft:stone_axe":1,"minecraft:air":0,"minecraft:iron_boots":1,"minecraft:iron_chestplate":1,"minecraft:shield":1,"minecraft:iron_axe":1,"minecraft:stick":124,"minecraft:iron_ingot":29,"minecraft:iron_pickaxe":1,"minecraft:stone_pickaxe":1,"minecraft:wooden_axe":1,"minecraft:iron_leggings":1,"minecraft:torch":196,"minecraft:dark_oak_planks":24},"minecraft:killed_by":{"alexsmobs:centipede_head":3,"minecraft:zombie":3,"alexsmobs:grizzly_bear":2,"minecraft:enderman":1,"zombiemobs:zombie_fox":1,"zombiemobs:zombie_wolf":1},"minecraft:dropped":{"minecraft:cooked_beef":64,"minecraft:raw_copper":64,"minecraft:glass_bottle":1,"firstaid:morphine":16,"minecraft:cobblestone":42,"travelersbackpack:standard":2,"firstaid:bandage":64,"minecraft:potion":64,"minecraft:stone_pickaxe":1},"minecraft:used":{"minecraft:diorite":1,"minecraft:stone_pickaxe":117,"minecraft:oak_planks":34,"minecraft:wooden_pickaxe":10,"minecraft:shield":24,"minecraft:torch":146,"minecraft:golden_apple":1,"minecraft:dirt":11,"minecraft:crafting_table":3,"minecraft:wooden_axe":5,"minecraft:iron_axe":92,"minecraft:iron_pickaxe":247,"minecraft:iron_helmet":1,"minecraft:stone_axe":29,"minecraft:potion":23,"minecraft:cobblestone":119,"travelersbackpack:standard":3,"minecraft:furnace":2,"minecraft:cooked_beef":15,"minecraft:cobbled_deepslate":16},"minecraft:custom":{"minecraft:interact_with_furnace":27,"minecraft:mob_kills":36,"minecraft:interact_with_crafting_table":11,"minecraft:damage_dealt_resisted":47,"minecraft:leave_game":3,"minecraft:time_since_death":3372,"minecraft:time_since_rest":3171,"minecraft:sprint_one_cm":229514,"minecraft:damage_taken":3066,"minecraft:walk_one_cm":145692,"minecraft:damage_blocked_by_shield":893,"minecraft:drop":15,"minecraft:damage_dealt":6789,"minecraft:swim_one_cm":1495,"minecraft:fly_one_cm":294055,"minecraft:open_chest":2,"minecraft:crouch_one_cm":17188,"minecraft:play_time":72075,"tombstone:undead_killed":29,"minecraft:deaths":11,"minecraft:sneak_time":5940,"minecraft:walk_under_water_one_cm":389,"minecraft:jump":1676,"minecraft:walk_on_water_one_cm":4346,"minecraft:total_world_time":72075,"minecraft:fall_one_cm":42499},"minecraft:picked_up":{"minecraft:crafting_table":5,"minecraft:iron_chestplate":3,"minecraft:cooked_beef":176,"minecraft:andesite":7,"minecraft:leather":5,"biomesoplenty:orange_autumn_sapling":1,"minecraft:enchanted_book":1,"minecraft:potion":168,"firstaid:morphine":47,"minecraft:oak_log":86,"minecraft:shield":3,"minecraft:gunpowder":5,"minecraft:dirt":11,"minecraft:lapis_lazuli":102,"minecraft:string":16,"tombstone:gift":1,"minecraft:raw_copper":430,"minecraft:iron_axe":3,"biomesoplenty:yellow_autumn_sapling":1,"minecraft:name_tag":2,"minecraft:iron_leggings":3,"minecraft:bone":15,"minecraft:apple":4,"minecraft:wheat_seeds":3,"minecraft:cobbled_deepslate":18,"minecraft:raw_gold":13,"minecraft:beef":5,"minecraft:iron_ingot":5,"minecraft:stone_pickaxe":1,"minecraft:iron_pickaxe":4,"minecraft:glass_bottle":39,"minecraft:iron_boots":3,"minecraft:furnace":4,"firstaid:plaster":2,"minecraft:stick":129,"minecraft:raw_iron":319,"minecraft:torch":297,"minecraft:quartz":3,"tombstone:grave_dust":14,"minecraft:diorite":2,"minecraft:redstone":18,"minecraft:dark_oak_log":6,"alexsmobs:animal_dictionary":2,"travelersbackpack:standard":1,"minecraft:rotten_flesh":22,"minecraft:diamond":7,"minecraft:stone_axe":1,"minecraft:iron_helmet":3,"minecraft:granite":3,"minecraft:golden_apple":1,"minecraft:gold_ingot":68,"tombstone:magic_scroll":1,"firstaid:bandage":138,"minecraft:white_wool":4,"minecraft:coal":146,"minecraft:rail":4,"minecraft:cobblestone":169},"minecraft:mined":{"minecraft:deepslate_diamond_ore":2,"minecraft:dark_oak_log":6,"biomesoplenty:bush":1,"minecraft:crafting_table":3,"minecraft:torch":1,"minecraft:granite":1,"minecraft:grass_block":3,"minecraft:tall_grass":2,"minecraft:copper_ore":61,"minecraft:cobblestone":10,"minecraft:deepslate_coal_ore":8,"minecraft:lapis_ore":4,"minecraft:deepslate_gold_ore":11,"minecraft:diorite":3,"minecraft:wall_torch":2,"minecraft:deepslate_copper_ore":1,"biomesoplenty:tall_lavender":1,"minecraft:furnace":2,"biomesoplenty:toadstool":2,"minecraft:iron_ore":102,"minecraft:cobbled_deepslate":1,"biomesoplenty:lavender":1,"minecraft:andesite":7,"biomesoplenty:maple_leaves":1,"minecraft:deepslate_lapis_ore":2,"minecraft:grass":10,"minecraft:oak_log":22,"minecraft:coal_ore":62,"minecraft:deepslate_iron_ore":12,"minecraft:dirt":8,"minecraft:stone":60,"minecraft:gold_ore":2,"minecraft:fern":4,"minecraft:deepslate":17},"minecraft:killed":{"zombiemobs:zombie_pig":1,"zombiemobs:zombie_cat":1,"hordes:zombie_player":2,"minecraft:zombie_villager":1,"minecraft:spider":2,"zombiemobs:zombie_sheep":2,"minecraft:sheep":1,"zombiemobs:zombie_fox":1,"kevin_trophy:crawler_zombie":1,"minecraft:zombie":19,"minecraft:cow":3,"zombiemobs:zombie_cow":1}},"DataVersion":3120}